<pkg-contents spec="1.12">
    <f n="DirectHW" o="root" g="wheel" p="16877" x="true" pt="build/DirectHW" m="true" t="file">
        <f n="System" o="root" g="wheel" p="16877">
            <f n="Library" o="root" g="wheel" p="16877">
                <f n="Extensions" o="root" g="wheel" p="16877">
                    <f n="DirectHW.kext" o="root" g="wheel" p="16877">
                        <f n="Contents" o="root" g="wheel" p="16877">
                            <f n="Info.plist" o="root" g="wheel" p="33188">
                                <mod>mode</mod>
                            </f>
                            <f n="MacOS" o="root" g="wheel" p="16877">
                                <f n="DirectHW" o="root" g="wheel" p="33188">
                                    <mod>mode</mod>
                                </f>
                                <mod>mode</mod>
                            </f>
                            <mod>mode</mod>
                        </f>
                        <mod>mode</mod>
                    </f>
                </f>
                <f n="Frameworks" o="root" g="wheel" p="16877">
                    <f n="DirectHW.framework" o="root" g="wheel" p="16877">
                        <f n="DirectHW" o="root" g="wheel" p="33261">
                            <mod>mode</mod>
                        </f>
                        <f n="Headers" o="root" g="wheel" p="16877">
                            <f n="DirectHW.h" o="root" g="wheel" p="33188">
                                <mod>mode</mod>
                            </f>
                            <mod>mode</mod>
                        </f>
                        <f n="Resources" o="root" g="wheel" p="16877">
                            <f n="Info.plist" o="root" g="wheel" p="33188">
                                <mod>mode</mod>
                            </f>
                            <mod>mode</mod>
                        </f>
                        <f n="Versions" o="root" g="wheel" p="16877">
                            <f n="A" o="root" g="wheel" p="16877">
                                <f n="DirectHW" o="root" g="wheel" p="33261">
                                    <mod>mode</mod>
                                </f>
                                <f n="Headers" o="root" g="wheel" p="16877">
                                    <f n="DirectHW.h" o="root" g="wheel" p="33188">
                                        <mod>mode</mod>
                                    </f>
                                    <mod>mode</mod>
                                </f>
                                <f n="Resources" o="root" g="wheel" p="16877">
                                    <f n="Info.plist" o="root" g="wheel" p="33188">
                                        <mod>mode</mod>
                                    </f>
                                    <mod>mode</mod>
                                </f>
                                <mod>mode</mod>
                            </f>
                            <f n="Current" o="root" g="wheel" p="16877">
                                <f n="DirectHW" o="root" g="wheel" p="33261">
                                    <mod>mode</mod>
                                </f>
                                <f n="Headers" o="root" g="wheel" p="16877">
                                    <f n="DirectHW.h" o="root" g="wheel" p="33188">
                                        <mod>mode</mod>
                                    </f>
                                    <mod>mode</mod>
                                </f>
                                <f n="Resources" o="root" g="wheel" p="16877">
                                    <f n="Info.plist" o="root" g="wheel" p="33188">
                                        <mod>mode</mod>
                                    </f>
                                    <mod>mode</mod>
                                </f>
                                <mod>mode</mod>
                            </f>
                            <mod>mode</mod>
                        </f>
                        <mod>mode</mod>
                    </f>
                </f>
            </f>
        </f>
        <mod>group</mod>
    </f>
</pkg-contents>
